Date,Open,High,Low,Close,Volume,Dividends,Stock Splits,Capital Gains
2024-02-19 00:00:00+01:00,223.25,223.89999389648438,223.0,223.85000610351562,1547,0.0,0.0,0.0
2024-02-20 00:00:00+01:00,223.64999389648438,223.89999389648438,223.14999389648438,223.5500030517578,1579,0.0,0.0,0.0
2024-02-21 00:00:00+01:00,223.39999389648438,223.39999389648438,222.6999969482422,223.14999389648438,1892,0.0,0.0,0.0
2024-02-22 00:00:00+01:00,225.25,225.4499969482422,224.4499969482422,225.3000030517578,2839,0.0,0.0,0.0
2024-02-23 00:00:00+01:00,225.5,226.3000030517578,225.10000610351562,226.14999389648438,2780,0.0,0.0,0.0
2024-02-26 00:00:00+01:00,225.8000030517578,226.0,225.25,225.25,2272,0.0,0.0,0.0
2024-02-27 00:00:00+01:00,225.35000610351562,226.0,224.89999389648438,225.64999389648438,1452,0.0,0.0,0.0
2024-02-28 00:00:00+01:00,225.6999969482422,225.75,224.75,225.0,2822,0.0,0.0,0.0
2024-02-29 00:00:00+01:00,225.64999389648438,225.8000030517578,225.0,225.0500030517578,3619,0.0,0.0,0.0
2024-03-01 00:00:00+01:00,226.0500030517578,226.60000610351562,225.35000610351562,226.3000030517578,5665,0.0,0.0,0.0
2024-03-04 00:00:00+01:00,226.64999389648438,226.6999969482422,225.64999389648438,226.4499969482422,2800,0.0,0.0,0.0
2024-03-05 00:00:00+01:00,225.89999389648438,226.25,225.4499969482422,225.64999389648438,1923,0.0,0.0,0.0
2024-03-06 00:00:00+01:00,225.75,226.9499969482422,225.39999389648438,226.6999969482422,1758,0.0,0.0,0.0
2024-03-07 00:00:00+01:00,226.60000610351562,229.5,226.0500030517578,229.5,4724,0.0,0.0,0.0
2024-03-08 00:00:00+01:00,229.39999389648438,229.85000610351562,229.10000610351562,229.10000610351562,4833,0.0,0.0,0.0
2024-03-11 00:00:00+01:00,228.1999969482422,228.6999969482422,227.8000030517578,228.60000610351562,7446,0.0,0.0,0.0
2024-03-12 00:00:00+01:00,229.5,230.89999389648438,229.10000610351562,230.64999389648438,7157,0.0,0.0,0.0
2024-03-13 00:00:00+01:00,230.9499969482422,231.5500030517578,230.60000610351562,231.14999389648438,2469,0.0,0.0,0.0
2024-03-14 00:00:00+01:00,231.8000030517578,232.25,230.5,230.85000610351562,11785,0.0,0.0,0.0
2024-03-15 00:00:00+01:00,231.0500030517578,231.6999969482422,229.8000030517578,229.8000030517578,8904,0.0,0.0,0.0
2024-03-18 00:00:00+01:00,230.4499969482422,230.4499969482422,229.4499969482422,229.89999389648438,7985,0.0,0.0,0.0
2024-03-19 00:00:00+01:00,229.6999969482422,230.39999389648438,229.35000610351562,230.39999389648438,4000,0.0,0.0,0.0
2024-03-20 00:00:00+01:00,229.9499969482422,230.5,229.64999389648438,230.3000030517578,2073,0.0,0.0,0.0
2024-03-21 00:00:00+01:00,232.0500030517578,233.3000030517578,231.3000030517578,232.60000610351562,1589,0.0,0.0,0.0
2024-03-22 00:00:00+01:00,232.1999969482422,232.9499969482422,232.1999969482422,232.5,2666,0.0,0.0,0.0
2024-03-25 00:00:00+01:00,232.75,233.0500030517578,231.75,232.85000610351562,1660,0.0,0.0,0.0
2024-03-26 00:00:00+01:00,232.60000610351562,233.64999389648438,232.4499969482422,233.64999389648438,7327,0.0,0.0,0.0
2024-03-27 00:00:00+01:00,233.60000610351562,233.9499969482422,232.9499969482422,233.8000030517578,2148,0.0,0.0,0.0
2024-03-28 00:00:00+01:00,234.4499969482422,234.75,234.10000610351562,234.4499969482422,14985,0.0,0.0,0.0
2024-04-02 00:00:00+02:00,235.60000610351562,236.10000610351562,232.3000030517578,232.3000030517578,6171,0.0,0.0,0.0
2024-04-03 00:00:00+02:00,232.8000030517578,233.3000030517578,232.0,233.14999389648438,4453,0.0,0.0,0.0
2024-04-04 00:00:00+02:00,233.14999389648438,233.89999389648438,233.10000610351562,233.5500030517578,5761,0.0,0.0,0.0
2024-04-05 00:00:00+02:00,230.9499969482422,231.4499969482422,230.3000030517578,231.25,9189,0.0,0.0,0.0
2024-04-08 00:00:00+02:00,231.3000030517578,232.85000610351562,231.3000030517578,232.60000610351562,2533,0.0,0.0,0.0
2024-04-09 00:00:00+02:00,232.25,232.60000610351562,230.85000610351562,231.14999389648438,3443,0.0,0.0,0.0
2024-04-10 00:00:00+02:00,232.5,232.8000030517578,229.6999969482422,231.5,11127,0.0,0.0,0.0
2024-04-11 00:00:00+02:00,231.4499969482422,232.10000610351562,229.75,230.85000610351562,1823,0.0,0.0,0.0
2024-04-12 00:00:00+02:00,233.1999969482422,233.64999389648438,230.85000610351562,231.0500030517578,2911,0.0,0.0,0.0
2024-04-15 00:00:00+02:00,231.6999969482422,233.1999969482422,231.3000030517578,231.60000610351562,2816,0.0,0.0,0.0
2024-04-16 00:00:00+02:00,228.75,229.0,227.5500030517578,227.6999969482422,4480,0.0,0.0,0.0
2024-04-17 00:00:00+02:00,228.4499969482422,229.85000610351562,227.9499969482422,227.9499969482422,5930,0.0,0.0,0.0
2024-04-18 00:00:00+02:00,228.89999389648438,228.9499969482422,227.4499969482422,228.6999969482422,2366,0.0,0.0,0.0
2024-04-19 00:00:00+02:00,227.1999969482422,228.39999389648438,226.5,228.0,10836,0.0,0.0,0.0
2024-04-22 00:00:00+02:00,229.64999389648438,230.1999969482422,228.6999969482422,230.0500030517578,2376,0.0,0.0,0.0
2024-04-23 00:00:00+02:00,231.8000030517578,232.64999389648438,231.1999969482422,232.5500030517578,6806,0.0,0.0,0.0
2024-04-24 00:00:00+02:00,233.25,233.25,231.35000610351562,231.8000030517578,3310,0.0,0.0,0.0
2024-04-25 00:00:00+02:00,231.9499969482422,231.9499969482422,228.85000610351562,230.1999969482422,1270,0.0,0.0,0.0
2024-04-26 00:00:00+02:00,231.9499969482422,233.1999969482422,231.4499969482422,233.10000610351562,3072,0.0,0.0,0.0
2024-04-29 00:00:00+02:00,234.0500030517578,234.14999389648438,233.3000030517578,233.3000030517578,7807,0.0,0.0,0.0
2024-04-30 00:00:00+02:00,233.6999969482422,233.6999969482422,231.60000610351562,231.89999389648438,3218,0.0,0.0,0.0
2024-05-02 00:00:00+02:00,232.0500030517578,232.0500030517578,231.0500030517578,231.39999389648438,2193,0.0,0.0,0.0
2024-05-03 00:00:00+02:00,232.10000610351562,233.5500030517578,231.75,232.60000610351562,1252,0.0,0.0,0.0
2024-05-06 00:00:00+02:00,233.0500030517578,234.60000610351562,232.8000030517578,234.0500030517578,5566,0.0,0.0,0.0
2024-05-07 00:00:00+02:00,235.0,236.5500030517578,234.8000030517578,236.5500030517578,5398,0.0,0.0,0.0
2024-05-08 00:00:00+02:00,237.10000610351562,237.60000610351562,236.5,237.35000610351562,3449,0.0,0.0,0.0
2024-05-09 00:00:00+02:00,237.64999389648438,238.5500030517578,236.89999389648438,238.35000610351562,22086,0.0,0.0,0.0
2024-05-10 00:00:00+02:00,239.5,240.39999389648438,239.10000610351562,240.10000610351562,4985,0.0,0.0,0.0
2024-05-13 00:00:00+02:00,240.39999389648438,240.39999389648438,239.64999389648438,240.14999389648438,6748,0.0,0.0,0.0
2024-05-14 00:00:00+02:00,240.25,240.6999969482422,239.8000030517578,240.4499969482422,3902,0.0,0.0,0.0
2024-05-15 00:00:00+02:00,241.60000610351562,242.10000610351562,240.85000610351562,242.10000610351562,3777,0.0,0.0,0.0
2024-05-16 00:00:00+02:00,242.60000610351562,242.60000610351562,241.5,241.60000610351562,6091,0.0,0.0,0.0
2024-05-17 00:00:00+02:00,241.75,241.75,240.89999389648438,241.4499969482422,2708,0.0,0.0,0.0
2024-05-20 00:00:00+02:00,241.85000610351562,242.4499969482422,241.8000030517578,242.1999969482422,1909,0.0,0.0,0.0
2024-05-21 00:00:00+02:00,241.85000610351562,241.89999389648438,240.85000610351562,241.6999969482422,2682,0.0,0.0,0.0
2024-05-22 00:00:00+02:00,241.39999389648438,241.39999389648438,240.4499969482422,241.14999389648438,1874,0.0,0.0,0.0
2024-05-23 00:00:00+02:00,241.8000030517578,242.1999969482422,240.9499969482422,241.1999969482422,1740,0.0,0.0,0.0
2024-05-24 00:00:00+02:00,239.60000610351562,241.0500030517578,239.14999389648438,240.89999389648438,1484,0.0,0.0,0.0
2024-05-27 00:00:00+02:00,240.4499969482422,241.5500030517578,240.4499969482422,241.5500030517578,2243,0.0,0.0,0.0
2024-05-28 00:00:00+02:00,242.25,242.25,239.89999389648438,240.0500030517578,3550,0.0,0.0,0.0
2024-05-29 00:00:00+02:00,239.85000610351562,239.89999389648438,237.60000610351562,237.6999969482422,2450,0.0,0.0,0.0
2024-05-30 00:00:00+02:00,237.60000610351562,239.14999389648438,237.60000610351562,239.25,1221,0.0,0.0,0.0
2024-05-31 00:00:00+02:00,239.25,240.25,239.0500030517578,239.85000610351562,1398,0.0,0.0,0.0
2024-06-03 00:00:00+02:00,242.14999389648438,242.14999389648438,240.60000610351562,240.9499969482422,8732,0.0,0.0,0.0
2024-06-04 00:00:00+02:00,240.4499969482422,240.4499969482422,238.6999969482422,239.5500030517578,2938,0.0,0.0,0.0
2024-06-05 00:00:00+02:00,241.14999389648438,242.3000030517578,240.75,242.0,5154,0.0,0.0,0.0
2024-06-06 00:00:00+02:00,243.1999969482422,243.60000610351562,242.5,243.25,3284,0.0,0.0,0.0
2024-06-07 00:00:00+02:00,243.64999389648438,243.64999389648438,241.4499969482422,242.75,2285,0.0,0.0,0.0
2024-06-10 00:00:00+02:00,241.0,242.10000610351562,240.5,242.10000610351562,4378,0.0,0.0,0.0
2024-06-11 00:00:00+02:00,242.64999389648438,242.64999389648438,239.0,239.85000610351562,7086,0.0,0.0,0.0
2024-06-12 00:00:00+02:00,240.5,242.8000030517578,240.3000030517578,242.25,2425,0.0,0.0,0.0
2024-06-13 00:00:00+02:00,241.8000030517578,241.8000030517578,239.1999969482422,239.39999389648438,2261,0.0,0.0,0.0
2024-06-14 00:00:00+02:00,239.75,239.75,236.35000610351562,236.85000610351562,7728,0.0,0.0,0.0
2024-06-17 00:00:00+02:00,237.60000610351562,238.5,235.8000030517578,237.10000610351562,5577,0.0,0.0,0.0
2024-06-18 00:00:00+02:00,238.8000030517578,238.8000030517578,237.5,238.5500030517578,4228,0.0,0.0,0.0
2024-06-19 00:00:00+02:00,238.8000030517578,238.9499969482422,238.25,238.25,5854,0.0,0.0,0.0
2024-06-20 00:00:00+02:00,238.60000610351562,240.6999969482422,238.60000610351562,240.6999969482422,1655,0.0,0.0,0.0
2024-06-21 00:00:00+02:00,240.0500030517578,240.4499969482422,238.0,238.6999969482422,7489,0.0,0.0,0.0
2024-06-24 00:00:00+02:00,238.9499969482422,241.14999389648438,238.39999389648438,240.75,2428,0.0,0.0,0.0
2024-06-25 00:00:00+02:00,240.0500030517578,240.25,239.4499969482422,240.0500030517578,2663,0.0,0.0,0.0
2024-06-26 00:00:00+02:00,241.10000610351562,241.5,238.10000610351562,238.85000610351562,2675,0.0,0.0,0.0
2024-06-27 00:00:00+02:00,238.6999969482422,239.10000610351562,237.85000610351562,237.89999389648438,2609,0.0,0.0,0.0
2024-06-28 00:00:00+02:00,238.8000030517578,239.0,236.89999389648438,237.25,2001,0.0,0.0,0.0
2024-07-01 00:00:00+02:00,239.9499969482422,239.9499969482422,238.0500030517578,238.1999969482422,6034,0.0,0.0,0.0
2024-07-02 00:00:00+02:00,237.14999389648438,237.1999969482422,236.0,237.1999969482422,2797,0.0,0.0,0.0
2024-07-03 00:00:00+02:00,238.35000610351562,239.35000610351562,237.85000610351562,238.85000610351562,1258,0.0,0.0,0.0
2024-07-04 00:00:00+02:00,239.5,240.64999389648438,239.5,240.35000610351562,1714,0.0,0.0,0.0
2024-07-05 00:00:00+02:00,241.0,241.5,239.3000030517578,239.9499969482422,2501,0.0,0.0,0.0
2024-07-08 00:00:00+02:00,239.64999389648438,241.25,239.64999389648438,239.9499969482422,2293,0.0,0.0,0.0
2024-07-09 00:00:00+02:00,239.10000610351562,239.8000030517578,237.5,237.5500030517578,1889,0.0,0.0,0.0
2024-07-10 00:00:00+02:00,238.0,239.8000030517578,237.64999389648438,239.64999389648438,2429,0.0,0.0,0.0
2024-07-11 00:00:00+02:00,240.64999389648438,241.5500030517578,239.89999389648438,241.10000610351562,4498,0.0,0.0,0.0
2024-07-12 00:00:00+02:00,241.9499969482422,243.60000610351562,241.5,243.25,3777,0.0,0.0,0.0
2024-07-15 00:00:00+02:00,242.1999969482422,243.3000030517578,241.0,240.9499969482422,3737,0.0,0.0,0.0
2024-07-16 00:00:00+02:00,239.75,240.39999389648438,239.39999389648438,240.35000610351562,7861,0.0,0.0,0.0
2024-07-17 00:00:00+02:00,239.60000610351562,239.8000030517578,238.35000610351562,239.14999389648438,1701,0.0,0.0,0.0
2024-07-18 00:00:00+02:00,239.9499969482422,240.5500030517578,238.64999389648438,238.64999389648438,1843,0.0,0.0,0.0
2024-07-19 00:00:00+02:00,237.8000030517578,237.8000030517578,236.6999969482422,236.9499969482422,2288,0.0,0.0,0.0
2024-07-22 00:00:00+02:00,238.0500030517578,240.0,238.0500030517578,239.35000610351562,7011,0.0,0.0,0.0
2024-07-23 00:00:00+02:00,239.35000610351562,240.6999969482422,238.64999389648438,239.5500030517578,3381,0.0,0.0,0.0
2024-07-24 00:00:00+02:00,237.60000610351562,238.64999389648438,237.39999389648438,238.14999389648438,2091,0.0,0.0,0.0
2024-07-25 00:00:00+02:00,235.8000030517578,236.35000610351562,234.10000610351562,236.35000610351562,8525,0.0,0.0,0.0
2024-07-26 00:00:00+02:00,236.5500030517578,238.5,236.3000030517578,238.39999389648438,3125,0.0,0.0,0.0
2024-07-29 00:00:00+02:00,239.5,239.60000610351562,237.64999389648438,237.6999969482422,4058,0.0,0.0,0.0
2024-07-30 00:00:00+02:00,238.3000030517578,239.4499969482422,237.89999389648438,238.5,1606,0.0,0.0,0.0
2024-07-31 00:00:00+02:00,241.5,241.5,240.1999969482422,240.60000610351562,2839,0.0,0.0,0.0
2024-08-01 00:00:00+02:00,240.60000610351562,240.60000610351562,237.0,237.1999969482422,3870,0.0,0.0,0.0
2024-08-02 00:00:00+02:00,235.10000610351562,235.14999389648438,230.85000610351562,231.39999389648438,4865,0.0,0.0,0.0
2024-08-05 00:00:00+02:00,224.64999389648438,226.64999389648438,223.0500030517578,226.14999389648438,11023,0.0,0.0,0.0
2024-08-06 00:00:00+02:00,228.39999389648438,228.39999389648438,225.0500030517578,226.8000030517578,3585,0.0,0.0,0.0
2024-08-07 00:00:00+02:00,227.9499969482422,231.14999389648438,227.8000030517578,230.5,2597,0.0,0.0,0.0
2024-08-08 00:00:00+02:00,228.89999389648438,231.0500030517578,227.85000610351562,230.6999969482422,1664,0.0,0.0,0.0
2024-08-09 00:00:00+02:00,231.39999389648438,232.89999389648438,230.85000610351562,232.1999969482422,2459,0.0,0.0,0.0
2024-08-12 00:00:00+02:00,233.0500030517578,233.0500030517578,231.8000030517578,232.0,3315,0.0,0.0,0.0
2024-08-13 00:00:00+02:00,233.10000610351562,233.14999389648438,231.35000610351562,233.14999389648438,3164,0.0,0.0,0.0
2024-08-14 00:00:00+02:00,234.25,234.5,233.4499969482422,234.5,1612,0.0,0.0,0.0
2024-08-16 00:00:00+02:00,238.0,238.3000030517578,237.3000030517578,237.85000610351562,3733,0.0,0.0,0.0
2024-08-19 00:00:00+02:00,238.0500030517578,239.85000610351562,237.75,239.60000610351562,2211,0.0,0.0,0.0
2024-08-20 00:00:00+02:00,239.89999389648438,239.9499969482422,238.35000610351562,238.35000610351562,4045,0.0,0.0,0.0
2024-08-21 00:00:00+02:00,238.60000610351562,239.39999389648438,238.60000610351562,239.14999389648438,1124,0.0,0.0,0.0
2024-08-22 00:00:00+02:00,239.6999969482422,240.64999389648438,239.60000610351562,239.9499969482422,2147,0.0,0.0,0.0
2024-08-23 00:00:00+02:00,240.1999969482422,241.5,240.0500030517578,241.3000030517578,1224,0.0,0.0,0.0
2024-08-26 00:00:00+02:00,241.25,241.6999969482422,240.89999389648438,241.25,1356,0.0,0.0,0.0
2024-08-27 00:00:00+02:00,241.35000610351562,242.0,240.9499969482422,241.5500030517578,1385,0.0,0.0,0.0
2024-08-28 00:00:00+02:00,242.3000030517578,242.85000610351562,241.8000030517578,242.25,3133,0.0,0.0,0.0
2024-08-29 00:00:00+02:00,242.60000610351562,244.10000610351562,242.39999389648438,244.10000610351562,4359,0.0,0.0,0.0
2024-08-30 00:00:00+02:00,244.5,245.10000610351562,244.1999969482422,244.1999969482422,4684,0.0,0.0,0.0
2024-09-02 00:00:00+02:00,244.3000030517578,244.3000030517578,242.9499969482422,244.25,1767,0.0,0.0,0.0
2024-09-03 00:00:00+02:00,244.35000610351562,244.64999389648438,241.75,242.0,4312,0.0,0.0,0.0
2024-09-04 00:00:00+02:00,239.1999969482422,239.9499969482422,239.0,239.4499969482422,3042,0.0,0.0,0.0
2024-09-05 00:00:00+02:00,239.14999389648438,239.8000030517578,238.14999389648438,238.14999389648438,8721,0.0,0.0,0.0
2024-09-06 00:00:00+02:00,237.9499969482422,239.1999969482422,235.5500030517578,235.89999389648438,12446,0.0,0.0,0.0
2024-09-09 00:00:00+02:00,237.1999969482422,238.14999389648438,237.0500030517578,237.60000610351562,2493,0.0,0.0,0.0
2024-09-10 00:00:00+02:00,236.8000030517578,238.4499969482422,236.0500030517578,236.3000030517578,2180,0.0,0.0,0.0
2024-09-11 00:00:00+02:00,237.10000610351562,238.10000610351562,235.60000610351562,236.60000610351562,2552,0.0,0.0,0.0
2024-09-12 00:00:00+02:00,239.35000610351562,239.35000610351562,237.9499969482422,238.35000610351562,3453,0.0,0.0,0.0
2024-09-13 00:00:00+02:00,239.25,240.6999969482422,239.25,240.35000610351562,2440,0.0,0.0,0.0
2024-09-16 00:00:00+02:00,239.60000610351562,240.4499969482422,239.39999389648438,239.8000030517578,8862,0.0,0.0,0.0
2024-09-17 00:00:00+02:00,241.1999969482422,241.64999389648438,240.75,240.75,3214,0.0,0.0,0.0
2024-09-18 00:00:00+02:00,240.60000610351562,240.64999389648438,239.3000030517578,239.4499969482422,3492,0.0,0.0,0.0
2024-09-19 00:00:00+02:00,242.25,243.10000610351562,241.25,242.9499969482422,4717,0.0,0.0,0.0
2024-09-20 00:00:00+02:00,242.35000610351562,242.35000610351562,239.1999969482422,239.1999969482422,8949,0.0,0.0,0.0
2024-09-23 00:00:00+02:00,239.60000610351562,240.60000610351562,239.0,240.39999389648438,2320,0.0,0.0,0.0
2024-09-24 00:00:00+02:00,242.60000610351562,242.60000610351562,241.14999389648438,241.85000610351562,1617,0.0,0.0,0.0
2024-09-25 00:00:00+02:00,241.0500030517578,242.25,240.8000030517578,241.75,2135,0.0,0.0,0.0
2024-09-26 00:00:00+02:00,243.9499969482422,245.0,243.89999389648438,244.8000030517578,2518,0.0,0.0,0.0
2024-09-27 00:00:00+02:00,245.35000610351562,246.25,244.9499969482422,245.9499969482422,2349,0.0,0.0,0.0
2024-09-30 00:00:00+02:00,245.25,245.64999389648438,243.39999389648438,243.60000610351562,5118,0.0,0.0,0.0
2024-10-01 00:00:00+02:00,244.3000030517578,244.85000610351562,242.0,242.75,8239,0.0,0.0,0.0
2024-10-02 00:00:00+02:00,243.10000610351562,243.6999969482422,241.75,242.8000030517578,5585,0.0,0.0,0.0
2024-10-03 00:00:00+02:00,242.3000030517578,242.3000030517578,240.14999389648438,240.6999969482422,5342,0.0,0.0,0.0
2024-10-04 00:00:00+02:00,240.39999389648438,242.14999389648438,240.39999389648438,241.6999969482422,7381,0.0,0.0,0.0
2024-10-07 00:00:00+02:00,242.4499969482422,242.5500030517578,240.75,242.1999969482422,5566,0.0,0.0,0.0
2024-10-08 00:00:00+02:00,239.9499969482422,241.25,239.64999389648438,240.75,4375,0.0,0.0,0.0
2024-10-09 00:00:00+02:00,241.0,242.5,240.6999969482422,242.5,6885,0.0,0.0,0.0
2024-10-10 00:00:00+02:00,242.8000030517578,242.8000030517578,241.10000610351562,241.8000030517578,3056,0.0,0.0,0.0
2024-10-11 00:00:00+02:00,241.75,243.25,241.1999969482422,243.10000610351562,4565,0.0,0.0,0.0
2024-10-14 00:00:00+02:00,243.25,244.5,242.6999969482422,244.5,5025,0.0,0.0,0.0
2024-10-15 00:00:00+02:00,245.1999969482422,245.25,242.35000610351562,242.35000610351562,11956,0.0,0.0,0.0
2024-10-16 00:00:00+02:00,241.85000610351562,242.5,241.35000610351562,242.0500030517578,10688,0.0,0.0,0.0
2024-10-17 00:00:00+02:00,242.35000610351562,244.75,242.25,244.0,3103,0.0,0.0,0.0
2024-10-18 00:00:00+02:00,244.0500030517578,244.75,243.75,244.5,4734,0.0,0.0,0.0
2024-10-21 00:00:00+02:00,244.5500030517578,245.0500030517578,242.75,242.8000030517578,4025,0.0,0.0,0.0
2024-10-22 00:00:00+02:00,242.89999389648438,242.89999389648438,240.85000610351562,242.35000610351562,7736,0.0,0.0,0.0
2024-10-23 00:00:00+02:00,242.4499969482422,242.8000030517578,241.35000610351562,241.4499969482422,2307,0.0,0.0,0.0
2024-10-24 00:00:00+02:00,242.3000030517578,243.10000610351562,241.75,241.75,2007,0.0,0.0,0.0
2024-10-25 00:00:00+02:00,241.5500030517578,242.0500030517578,240.85000610351562,241.75,4828,0.0,0.0,0.0
2024-10-28 00:00:00+01:00,242.5,243.0,241.0,242.8000030517578,4763,0.0,0.0,0.0
2024-10-29 00:00:00+01:00,243.39999389648438,243.39999389648438,241.14999389648438,241.14999389648438,8254,0.0,0.0,0.0
2024-10-30 00:00:00+01:00,240.1999969482422,240.1999969482422,237.8000030517578,238.10000610351562,4388,0.0,0.0,0.0
2024-10-31 00:00:00+01:00,236.85000610351562,237.0,234.5,235.5500030517578,4576,0.0,0.0,0.0
2024-11-01 00:00:00+01:00,236.1999969482422,238.60000610351562,236.0500030517578,238.1999969482422,12176,0.0,0.0,0.0
2024-11-04 00:00:00+01:00,238.10000610351562,238.6999969482422,237.10000610351562,237.10000610351562,1912,0.0,0.0,0.0
2024-11-05 00:00:00+01:00,237.14999389648438,237.75,236.35000610351562,237.1999969482422,2141,0.0,0.0,0.0
2024-11-06 00:00:00+01:00,239.6999969482422,241.9499969482422,235.60000610351562,236.10000610351562,7758,0.0,0.0,0.0
2024-11-07 00:00:00+01:00,236.8000030517578,238.39999389648438,236.60000610351562,237.8000030517578,5679,0.0,0.0,0.0
2024-11-08 00:00:00+01:00,238.0,238.0,235.60000610351562,236.10000610351562,4158,0.0,0.0,0.0
2024-11-11 00:00:00+01:00,238.3000030517578,239.4499969482422,238.10000610351562,238.9499969482422,3547,0.0,0.0,0.0
2024-11-12 00:00:00+01:00,236.85000610351562,237.0,233.89999389648438,233.89999389648438,3654,0.0,0.0,0.0
2024-11-13 00:00:00+01:00,233.6999969482422,234.60000610351562,232.39999389648438,233.6999969482422,8520,0.0,0.0,0.0
2024-11-14 00:00:00+01:00,234.35000610351562,236.8000030517578,234.1999969482422,236.64999389648438,14976,0.0,0.0,0.0
2024-11-15 00:00:00+01:00,235.10000610351562,236.0500030517578,234.64999389648438,234.64999389648438,3988,0.0,0.0,0.0
2024-11-18 00:00:00+01:00,234.89999389648438,235.0,233.5,235.0,6460,0.0,0.0,0.0
2024-11-19 00:00:00+01:00,235.5,235.6999969482422,231.5,233.89999389648438,4661,0.0,0.0,0.0
2024-11-20 00:00:00+01:00,235.10000610351562,235.1999969482422,233.25,233.85000610351562,3066,0.0,0.0,0.0
2024-11-21 00:00:00+01:00,233.85000610351562,234.89999389648438,232.4499969482422,234.89999389648438,5089,0.0,0.0,0.0
2024-11-22 00:00:00+01:00,236.14999389648438,237.64999389648438,234.6999969482422,237.39999389648438,4653,0.0,0.0,0.0
2024-11-25 00:00:00+01:00,238.9499969482422,238.9499969482422,237.14999389648438,237.64999389648438,19217,0.0,0.0,0.0
2024-11-26 00:00:00+01:00,236.4499969482422,237.5,235.6999969482422,236.25,5673,0.0,0.0,0.0
2024-11-27 00:00:00+01:00,235.8000030517578,236.0500030517578,234.75,235.75,16705,0.0,0.0,0.0
2024-11-28 00:00:00+01:00,236.85000610351562,237.75,236.3000030517578,236.64999389648438,9794,0.0,0.0,0.0
2024-11-29 00:00:00+01:00,236.64999389648438,238.14999389648438,236.14999389648438,238.14999389648438,23096,0.0,0.0,0.0
2024-12-02 00:00:00+01:00,237.60000610351562,240.0,237.4499969482422,239.35000610351562,13680,0.0,0.0,0.0
2024-12-03 00:00:00+01:00,240.35000610351562,241.39999389648438,240.14999389648438,240.5,3949,0.0,0.0,0.0
2024-12-04 00:00:00+01:00,241.10000610351562,242.0,240.6999969482422,241.4499969482422,4474,0.0,0.0,0.0
2024-12-05 00:00:00+01:00,241.64999389648438,242.5500030517578,241.60000610351562,242.5500030517578,8782,0.0,0.0,0.0
2024-12-06 00:00:00+01:00,242.60000610351562,243.60000610351562,242.25,243.10000610351562,20396,0.0,0.0,0.0
2024-12-09 00:00:00+01:00,244.14999389648438,244.14999389648438,243.0,243.5,10149,0.0,0.0,0.0
2024-12-10 00:00:00+01:00,242.85000610351562,243.25,242.0,242.14999389648438,4091,0.0,0.0,0.0
2024-12-11 00:00:00+01:00,241.75,243.0,241.4499969482422,242.64999389648438,3859,0.0,0.0,0.0
2024-12-12 00:00:00+01:00,243.35000610351562,243.35000610351562,242.3000030517578,242.4499969482422,13683,0.0,0.0,0.0
2024-12-13 00:00:00+01:00,242.25,242.60000610351562,240.85000610351562,241.3000030517578,5529,0.0,0.0,0.0
2024-12-16 00:00:00+01:00,241.14999389648438,241.3000030517578,240.3000030517578,240.89999389648438,8490,0.0,0.0,0.0
2024-12-17 00:00:00+01:00,239.6999969482422,240.39999389648438,239.35000610351562,240.0,2506,0.0,0.0,0.0
2024-12-18 00:00:00+01:00,240.35000610351562,240.8000030517578,240.0,240.35000610351562,5275,0.0,0.0,0.0
2024-12-19 00:00:00+01:00,237.5,238.39999389648438,236.35000610351562,236.89999389648438,5382,0.0,0.0,0.0
2024-12-20 00:00:00+01:00,235.39999389648438,235.39999389648438,232.25,235.10000610351562,10166,0.0,0.0,0.0
2024-12-23 00:00:00+01:00,234.60000610351562,235.75,234.39999389648438,235.3000030517578,6696,0.0,0.0,0.0
2024-12-27 00:00:00+01:00,235.10000610351562,237.0,235.10000610351562,237.0,6560,0.0,0.0,0.0
2024-12-30 00:00:00+01:00,236.39999389648438,236.8000030517578,235.0,235.9499969482422,11907,0.0,0.0,0.0
2025-01-02 00:00:00+01:00,238.1999969482422,239.10000610351562,236.5,239.0500030517578,8540,0.0,0.0,0.0
2025-01-03 00:00:00+01:00,238.85000610351562,238.85000610351562,237.3000030517578,237.8000030517578,4941,0.0,0.0,0.0
2025-01-06 00:00:00+01:00,238.5,240.25,237.85000610351562,240.25,7574,0.0,0.0,0.0
2025-01-07 00:00:00+01:00,239.6999969482422,241.14999389648438,239.0500030517578,240.60000610351562,4634,0.0,0.0,0.0
2025-01-08 00:00:00+01:00,240.89999389648438,241.75,238.89999389648438,240.14999389648438,5166,0.0,0.0,0.0
2025-01-09 00:00:00+01:00,239.35000610351562,241.4499969482422,239.35000610351562,241.1999969482422,2669,0.0,0.0,0.0
2025-01-10 00:00:00+01:00,240.9499969482422,241.35000610351562,239.1999969482422,239.25,5293,0.0,0.0,0.0
2025-01-13 00:00:00+01:00,238.1999969482422,238.3000030517578,236.9499969482422,238.0500030517578,16976,0.0,0.0,0.0
2025-01-14 00:00:00+01:00,239.25,239.5500030517578,237.64999389648438,237.8000030517578,13683,0.0,0.0,0.0
2025-01-15 00:00:00+01:00,238.5,241.3000030517578,238.39999389648438,240.89999389648438,11222,0.0,0.0,0.0
2025-01-16 00:00:00+01:00,242.89999389648438,243.35000610351562,242.0500030517578,243.35000610351562,4458,0.0,0.0,0.0
2025-01-17 00:00:00+01:00,244.25,245.35000610351562,244.25,245.0,6964,0.0,0.0,0.0
2025-01-20 00:00:00+01:00,245.25,245.8000030517578,244.4499969482422,245.14999389648438,5866,0.0,0.0,0.0
2025-01-21 00:00:00+01:00,245.0500030517578,246.10000610351562,245.0,246.0,10618,0.0,0.0,0.0
2025-01-22 00:00:00+01:00,246.85000610351562,248.0,246.5,246.9499969482422,8679,0.0,0.0,0.0
2025-01-23 00:00:00+01:00,246.6999969482422,248.0500030517578,246.5500030517578,248.0500030517578,10759,0.0,0.0,0.0
2025-01-24 00:00:00+01:00,248.85000610351562,249.3000030517578,247.39999389648438,247.85000610351562,12985,0.0,0.0,0.0
2025-01-27 00:00:00+01:00,246.6999969482422,248.0500030517578,245.6999969482422,247.6999969482422,8776,0.0,0.0,0.0
2025-01-28 00:00:00+01:00,248.64999389648438,249.60000610351562,248.0500030517578,248.64999389648438,8377,0.0,0.0,0.0
2025-01-29 00:00:00+01:00,249.75,250.4499969482422,249.4499969482422,249.89999389648438,21712,0.0,0.0,0.0
2025-01-30 00:00:00+01:00,250.60000610351562,252.1999969482422,250.0500030517578,252.14999389648438,8675,0.0,0.0,0.0
2025-01-31 00:00:00+01:00,252.75,253.5500030517578,252.0,252.39999389648438,11219,0.0,0.0,0.0
2025-02-03 00:00:00+01:00,248.5500030517578,250.60000610351562,248.1999969482422,250.39999389648438,12326,0.0,0.0,0.0
2025-02-04 00:00:00+01:00,250.3000030517578,251.0,248.64999389648438,250.9499969482422,7438,0.0,0.0,0.0
2025-02-05 00:00:00+01:00,250.89999389648438,252.10000610351562,250.1999969482422,252.10000610351562,11429,0.0,0.0,0.0
2025-02-06 00:00:00+01:00,253.25,255.10000610351562,253.10000610351562,254.9499969482422,13382,0.0,0.0,0.0
2025-02-07 00:00:00+01:00,254.89999389648438,255.3000030517578,253.6999969482422,253.9499969482422,11429,0.0,0.0,0.0
2025-02-10 00:00:00+01:00,254.5500030517578,255.8000030517578,254.5500030517578,255.60000610351562,6288,0.0,0.0,0.0
2025-02-11 00:00:00+01:00,255.60000610351562,256.1000061035156,255.0500030517578,256.0,6842,0.0,0.0,0.0
2025-02-12 00:00:00+01:00,256.6000061035156,256.6000061035156,255.0,256.29998779296875,7631,0.0,0.0,0.0
2025-02-13 00:00:00+01:00,258.1000061035156,259.29998779296875,256.79998779296875,259.29998779296875,27348,0.0,0.0,0.0
2025-02-14 00:00:00+01:00,259.0,259.70001220703125,258.29998779296875,258.75,10651,0.0,0.0,0.0
2025-02-17 00:00:00+01:00,258.8999938964844,260.1499938964844,258.75,260.1000061035156,7964,0.0,0.0,0.0
2025-02-18 00:00:00+01:00,260.5,261.25,259.75,260.95001220703125,11604,0.0,0.0,0.0
2025-02-19 00:00:00+01:00,261.0,261.1000061035156,258.1000061035156,258.5,16214,0.0,0.0,0.0
2025-02-20 00:00:00+01:00,258.79998779296875,259.6000061035156,258.0,258.20001220703125,7640,0.0,0.0,0.0
2025-02-21 00:00:00+01:00,258.75,259.8500061035156,258.6000061035156,259.54998779296875,5839,0.0,0.0,0.0
2025-02-24 00:00:00+01:00,259.75,260.20001220703125,258.0,259.3500061035156,15577,0.0,0.0,0.0
2025-02-25 00:00:00+01:00,259.25,260.95001220703125,259.04998779296875,259.54998779296875,25463,0.0,0.0,0.0
2025-02-26 00:00:00+01:00,261.1499938964844,262.70001220703125,260.54998779296875,262.29998779296875,15183,0.0,0.0,0.0
2025-02-27 00:00:00+01:00,260.8500061035156,261.6499938964844,259.8999938964844,261.1499938964844,22093,0.0,0.0,0.0
2025-02-28 00:00:00+01:00,259.54998779296875,261.1000061035156,258.8999938964844,261.1000061035156,19646,0.0,0.0,0.0
2025-03-03 00:00:00+01:00,262.45001220703125,264.79998779296875,260.6499938964844,263.95001220703125,59990,0.0,0.0,0.0
2025-03-04 00:00:00+01:00,262.04998779296875,262.1000061035156,258.04998779296875,258.3500061035156,37864,0.0,0.0,0.0
2025-03-05 00:00:00+01:00,260.70001220703125,262.8500061035156,260.5,260.54998779296875,36385,0.0,0.0,0.0
2025-03-06 00:00:00+01:00,261.75,261.95001220703125,258.6499938964844,260.6499938964844,20972,0.0,0.0,0.0
2025-03-07 00:00:00+01:00,259.45001220703125,260.5,258.20001220703125,259.54998779296875,27720,0.0,0.0,0.0
2025-03-10 00:00:00+01:00,260.25,260.6000061035156,255.89999389648438,256.25,26301,0.0,0.0,0.0
2025-03-11 00:00:00+01:00,255.89999389648438,256.5,251.4499969482422,251.85000610351562,36727,0.0,0.0,0.0
2025-03-12 00:00:00+01:00,253.6999969482422,255.5500030517578,252.75,254.1999969482422,28115,0.0,0.0,0.0
2025-03-13 00:00:00+01:00,254.0500030517578,255.5,253.0,253.64999389648438,30618,0.0,0.0,0.0
2025-03-14 00:00:00+01:00,253.60000610351562,256.75,253.60000610351562,256.54998779296875,15950,0.0,0.0,0.0
2025-03-17 00:00:00+01:00,256.8500061035156,258.70001220703125,256.70001220703125,258.70001220703125,27311,0.0,0.0,0.0
2025-03-18 00:00:00+01:00,259.5,260.8500061035156,259.25,260.1499938964844,29012,0.0,0.0,0.0
2025-03-19 00:00:00+01:00,259.6499938964844,260.95001220703125,259.25,260.6000061035156,15777,0.0,0.0,0.0
2025-03-20 00:00:00+01:00,260.6499938964844,261.20001220703125,258.1000061035156,259.3500061035156,19616,0.0,0.0,0.0
2025-03-21 00:00:00+01:00,258.3999938964844,258.75,256.70001220703125,257.8500061035156,13564,0.0,0.0,0.0
2025-03-24 00:00:00+01:00,259.75,259.75,257.04998779296875,257.70001220703125,10049,0.0,0.0,0.0
2025-03-25 00:00:00+01:00,258.70001220703125,260.5,258.1000061035156,259.45001220703125,7236,0.0,0.0,0.0
2025-03-26 00:00:00+01:00,258.95001220703125,258.95001220703125,257.5,257.70001220703125,6573,0.0,0.0,0.0
2025-03-27 00:00:00+01:00,255.89999389648438,257.1499938964844,255.1999969482422,256.79998779296875,7654,0.0,0.0,0.0
2025-03-28 00:00:00+01:00,256.3999938964844,257.0,254.14999389648438,254.89999389648438,7551,0.0,0.0,0.0
2025-03-31 00:00:00+02:00,252.6999969482422,252.6999969482422,250.14999389648438,251.1999969482422,7717,0.0,0.0,0.0
2025-04-01 00:00:00+02:00,253.3000030517578,254.35000610351562,252.1999969482422,253.85000610351562,30361,0.0,0.0,0.0
2025-04-02 00:00:00+02:00,253.0500030517578,253.0500030517578,250.8000030517578,252.6999969482422,4291,0.0,0.0,0.0
2025-04-03 00:00:00+02:00,248.1999969482422,249.75,245.39999389648438,245.9499969482422,27544,0.0,0.0,0.0
2025-04-04 00:00:00+02:00,243.60000610351562,244.3000030517578,231.64999389648438,233.39999389648438,27064,0.0,0.0,0.0
2025-04-07 00:00:00+02:00,231.0,231.6999969482422,218.1999969482422,224.39999389648438,32065,0.0,0.0,0.0
2025-04-08 00:00:00+02:00,226.8000030517578,231.8000030517578,224.60000610351562,229.4499969482422,54327,0.0,0.0,0.0
2025-04-09 00:00:00+02:00,223.60000610351562,225.10000610351562,218.75,221.14999389648438,33505,0.0,0.0,0.0
2025-04-10 00:00:00+02:00,240.14999389648438,240.25,229.60000610351562,229.60000610351562,32202,0.0,0.0,0.0
2025-04-11 00:00:00+02:00,231.60000610351562,231.6999969482422,226.39999389648438,229.60000610351562,14511,0.0,0.0,0.0
2025-04-14 00:00:00+02:00,234.1999969482422,236.60000610351562,233.0500030517578,235.85000610351562,25390,0.0,0.0,0.0
2025-04-15 00:00:00+02:00,237.4499969482422,239.85000610351562,236.85000610351562,239.6999969482422,36028,0.0,0.0,0.0
2025-04-16 00:00:00+02:00,237.85000610351562,239.39999389648438,236.35000610351562,239.35000610351562,16665,0.0,0.0,0.0
2025-04-17 00:00:00+02:00,238.8000030517578,239.3000030517578,237.4499969482422,238.5500030517578,8507,0.0,0.0,0.0
2025-04-22 00:00:00+02:00,238.0,240.0500030517578,237.35000610351562,240.0500030517578,8702,0.0,0.0,0.0
2025-04-23 00:00:00+02:00,244.0,245.4499969482422,242.8000030517578,244.0,10487,0.0,0.0,0.0
2025-04-24 00:00:00+02:00,243.60000610351562,245.35000610351562,242.5,245.3000030517578,18933,0.0,0.0,0.0
2025-04-25 00:00:00+02:00,246.5500030517578,246.9499969482422,245.1999969482422,246.14999389648438,13437,0.0,0.0,0.0
2025-04-28 00:00:00+02:00,247.35000610351562,248.10000610351562,246.85000610351562,247.4499969482422,9305,0.0,0.0,0.0
2025-04-29 00:00:00+02:00,248.0,248.64999389648438,247.4499969482422,248.35000610351562,19087,0.0,0.0,0.0
2025-04-30 00:00:00+02:00,249.6999969482422,249.8000030517578,246.89999389648438,249.64999389648438,35294,0.0,0.0,0.0
2025-05-02 00:00:00+02:00,252.10000610351562,254.1999969482422,251.64999389648438,254.10000610351562,31761,0.0,0.0,0.0
2025-05-05 00:00:00+02:00,254.25,255.14999389648438,253.8000030517578,254.9499969482422,16229,0.0,0.0,0.0
2025-05-06 00:00:00+02:00,255.25,255.3000030517578,252.64999389648438,254.39999389648438,9869,0.0,0.0,0.0
2025-05-07 00:00:00+02:00,253.6999969482422,253.89999389648438,252.6999969482422,253.14999389648438,12247,0.0,0.0,0.0
2025-05-08 00:00:00+02:00,254.14999389648438,255.60000610351562,253.5500030517578,254.35000610351562,21136,0.0,0.0,0.0
2025-05-09 00:00:00+02:00,255.25,255.89999389648438,254.9499969482422,255.4499969482422,11425,0.0,0.0,0.0
2025-05-12 00:00:00+02:00,258.0,258.8500061035156,256.75,258.8500061035156,15138,0.0,0.0,0.0
2025-05-13 00:00:00+02:00,259.0,259.6000061035156,258.8500061035156,259.0,7723,0.0,0.0,0.0
2025-05-14 00:00:00+02:00,259.25,259.45001220703125,257.8999938964844,258.6000061035156,8274,0.0,0.0,0.0
2025-05-15 00:00:00+02:00,257.8999938964844,260.25,257.3999938964844,260.25,12403,0.0,0.0,0.0
2025-05-16 00:00:00+02:00,261.6000061035156,262.20001220703125,260.3500061035156,261.45001220703125,8827,0.0,0.0,0.0
2025-05-19 00:00:00+02:00,261.3500061035156,262.25,259.95001220703125,262.25,6807,0.0,0.0,0.0
2025-05-20 00:00:00+02:00,262.75,264.6499938964844,262.45001220703125,264.29998779296875,11255,0.0,0.0,0.0
2025-05-21 00:00:00+02:00,263.8500061035156,264.3500061035156,262.5,264.20001220703125,17852,0.0,0.0,0.0
2025-05-22 00:00:00+02:00,263.1499938964844,263.1499938964844,260.8999938964844,262.3500061035156,9335,0.0,0.0,0.0
2025-05-23 00:00:00+02:00,263.20001220703125,263.54998779296875,256.5,260.1499938964844,13172,0.0,0.0,0.0
2025-05-26 00:00:00+02:00,263.29998779296875,263.54998779296875,262.6000061035156,263.3999938964844,23420,0.0,0.0,0.0
2025-05-27 00:00:00+02:00,263.45001220703125,264.6000061035156,263.04998779296875,263.70001220703125,10196,0.0,0.0,0.0
2025-05-28 00:00:00+02:00,263.95001220703125,264.1499938964844,262.04998779296875,262.04998779296875,11300,0.0,0.0,0.0
2025-05-29 00:00:00+02:00,263.8999938964844,263.95001220703125,261.45001220703125,261.54998779296875,8661,0.0,0.0,0.0
2025-05-30 00:00:00+02:00,262.1000061035156,263.54998779296875,261.5,262.1499938964844,5608,0.0,0.0,0.0
2025-06-02 00:00:00+02:00,261.8500061035156,262.1000061035156,260.1000061035156,261.79998779296875,7829,0.0,0.0,0.0
2025-06-03 00:00:00+02:00,262.70001220703125,262.70001220703125,260.45001220703125,262.1000061035156,7308,0.0,0.0,0.0
2025-06-04 00:00:00+02:00,262.8999938964844,264.0,262.6499938964844,263.20001220703125,11227,0.0,0.0,0.0
2025-06-05 00:00:00+02:00,263.79998779296875,264.70001220703125,262.6000061035156,263.8500061035156,8921,0.0,0.0,0.0
2025-06-06 00:00:00+02:00,263.8500061035156,264.8500061035156,263.5,264.6000061035156,7787,0.0,0.0,0.0
2025-06-09 00:00:00+02:00,264.75,264.79998779296875,263.70001220703125,264.45001220703125,12029,0.0,0.0,0.0
2025-06-10 00:00:00+02:00,264.5,264.8500061035156,263.6499938964844,264.3500061035156,8500,0.0,0.0,0.0
2025-06-11 00:00:00+02:00,264.6499938964844,264.8999938964844,263.6000061035156,263.6000061035156,6609,0.0,0.0,0.0
2025-06-12 00:00:00+02:00,262.75,263.5,261.20001220703125,262.8500061035156,8460,0.0,0.0,0.0
2025-06-13 00:00:00+02:00,260.29998779296875,261.3999938964844,259.75,260.3500061035156,17169,0.0,0.0,0.0
2025-06-16 00:00:00+02:00,261.04998779296875,261.8999938964844,260.3500061035156,261.5,13273,0.0,0.0,0.0
2025-06-17 00:00:00+02:00,259.5,260.04998779296875,258.3500061035156,259.04998779296875,7092,0.0,0.0,0.0
2025-06-18 00:00:00+02:00,259.04998779296875,259.25,257.70001220703125,258.04998779296875,9220,0.0,0.0,0.0
2025-06-19 00:00:00+02:00,257.1499938964844,257.54998779296875,255.89999389648438,255.89999389648438,5141,0.0,0.0,0.0
2025-06-20 00:00:00+02:00,257.20001220703125,258.45001220703125,256.3500061035156,256.54998779296875,4962,0.0,0.0,0.0
2025-06-23 00:00:00+02:00,255.5,256.95001220703125,254.25,255.8000030517578,6768,0.0,0.0,0.0
2025-06-24 00:00:00+02:00,259.54998779296875,259.6000061035156,258.20001220703125,258.6499938964844,7337,0.0,0.0,0.0
2025-06-25 00:00:00+02:00,259.20001220703125,259.6499938964844,256.70001220703125,256.70001220703125,5551,0.0,0.0,0.0
2025-06-26 00:00:00+02:00,257.6499938964844,257.79998779296875,256.6000061035156,257.1000061035156,8770,0.0,0.0,0.0
2025-06-27 00:00:00+02:00,258.70001220703125,260.0,258.54998779296875,260.0,4573,0.0,0.0,0.0
2025-06-30 00:00:00+02:00,260.6000061035156,260.6499938964844,258.6499938964844,258.8999938964844,10837,0.0,0.0,0.0
2025-07-01 00:00:00+02:00,259.5,259.54998779296875,257.1499938964844,258.3999938964844,19573,0.0,0.0,0.0
2025-07-02 00:00:00+02:00,259.6000061035156,260.0,257.75,258.8999938964844,12927,0.0,0.0,0.0
2025-07-03 00:00:00+02:00,259.95001220703125,260.20001220703125,259.1499938964844,260.20001220703125,5288,0.0,0.0,0.0
2025-07-04 00:00:00+02:00,259.29998779296875,259.29998779296875,257.8999938964844,258.8999938964844,13783,0.0,0.0,0.0
2025-07-07 00:00:00+02:00,258.95001220703125,260.20001220703125,258.79998779296875,260.20001220703125,6979,0.0,0.0,0.0
2025-07-08 00:00:00+02:00,260.1000061035156,261.25,259.5,261.25,4390,0.0,0.0,0.0
2025-07-09 00:00:00+02:00,261.8500061035156,263.6000061035156,261.5,263.29998779296875,5988,0.0,0.0,0.0
2025-07-10 00:00:00+02:00,264.45001220703125,264.8999938964844,264.1000061035156,264.70001220703125,7108,0.0,0.0,0.0
2025-07-11 00:00:00+02:00,263.8500061035156,263.8500061035156,261.6000061035156,261.8999938964844,6982,0.0,0.0,0.0
2025-07-14 00:00:00+02:00,260.54998779296875,261.79998779296875,260.3999938964844,261.79998779296875,9042,0.0,0.0,0.0
2025-07-15 00:00:00+02:00,262.45001220703125,262.70001220703125,260.75,260.75,11985,0.0,0.0,0.0
2025-07-16 00:00:00+02:00,260.29998779296875,261.1000061035156,259.04998779296875,259.04998779296875,15349,0.0,0.0,0.0
2025-07-17 00:00:00+02:00,261.1000061035156,261.8999938964844,260.75,261.8500061035156,15222,0.0,0.0,0.0
2025-07-18 00:00:00+02:00,262.6499938964844,263.0,261.45001220703125,261.70001220703125,9567,0.0,0.0,0.0
2025-07-21 00:00:00+02:00,262.0,262.1000061035156,261.0,261.70001220703125,5918,0.0,0.0,0.0
2025-07-22 00:00:00+02:00,261.1499938964844,261.1499938964844,259.95001220703125,260.54998779296875,8015,0.0,0.0,0.0
2025-07-23 00:00:00+02:00,262.8500061035156,263.8999938964844,262.6499938964844,263.45001220703125,11890,0.0,0.0,0.0
2025-07-24 00:00:00+02:00,264.70001220703125,265.25,263.70001220703125,263.8999938964844,6194,0.0,0.0,0.0
2025-07-25 00:00:00+02:00,262.79998779296875,263.54998779296875,262.45001220703125,263.29998779296875,18250,0.0,0.0,0.0
2025-07-28 00:00:00+02:00,265.75,265.79998779296875,262.45001220703125,262.95001220703125,9191,0.0,0.0,0.0
2025-07-29 00:00:00+02:00,263.5,265.3500061035156,263.25,263.5,12024,0.0,0.0,0.0
2025-07-30 00:00:00+02:00,263.0,264.04998779296875,262.75,263.3500061035156,17906,0.0,0.0,0.0
2025-07-31 00:00:00+02:00,264.20001220703125,264.70001220703125,261.29998779296875,261.3999938964844,24503,0.0,0.0,0.0
2025-08-01 00:00:00+02:00,258.5,258.8500061035156,254.4499969482422,255.10000610351562,22838,0.0,0.0,0.0
2025-08-04 00:00:00+02:00,256.5,258.6499938964844,256.45001220703125,258.6499938964844,11536,0.0,0.0,0.0
2025-08-05 00:00:00+02:00,259.95001220703125,260.1000061035156,258.8999938964844,259.04998779296875,8268,0.0,0.0,0.0
2025-08-06 00:00:00+02:00,259.8999938964844,260.20001220703125,258.6499938964844,259.04998779296875,6809,0.0,0.0,0.0
2025-08-07 00:00:00+02:00,259.3999938964844,262.04998779296875,259.25,261.54998779296875,7509,0.0,0.0,0.0
2025-08-08 00:00:00+02:00,261.95001220703125,262.70001220703125,261.5,262.04998779296875,9860,0.0,0.0,0.0
2025-08-11 00:00:00+02:00,262.95001220703125,263.0,261.75,261.95001220703125,7358,0.0,0.0,0.0
2025-08-12 00:00:00+02:00,263.0,263.0,261.75,262.5,6942,0.0,0.0,0.0
2025-08-13 00:00:00+02:00,263.54998779296875,264.1000061035156,263.3999938964844,263.8500061035156,5365,0.0,0.0,0.0
2025-08-14 00:00:00+02:00,264.29998779296875,265.5,264.29998779296875,265.5,8545,0.0,0.0,0.0
2025-08-18 00:00:00+02:00,265.6000061035156,265.70001220703125,264.70001220703125,265.6499938964844,15849,0.0,0.0,0.0
2025-08-19 00:00:00+02:00,266.1000061035156,267.6499938964844,265.79998779296875,267.5,10664,0.0,0.0,0.0
2025-08-20 00:00:00+02:00,266.70001220703125,268.5,266.5,268.20001220703125,5731,0.0,0.0,0.0
2025-08-21 00:00:00+02:00,268.04998779296875,268.20001220703125,266.95001220703125,268.20001220703125,7162,0.0,0.0,0.0
2025-08-22 00:00:00+02:00,267.8500061035156,270.1499938964844,267.79998779296875,269.20001220703125,4617,0.0,0.0,0.0
2025-08-25 00:00:00+02:00,268.75,269.04998779296875,267.8999938964844,267.8999938964844,10640,0.0,0.0,0.0
2025-08-26 00:00:00+02:00,266.29998779296875,266.95001220703125,265.45001220703125,265.8500061035156,6048,0.0,0.0,0.0
2025-08-27 00:00:00+02:00,266.54998779296875,266.75,265.45001220703125,266.04998779296875,14076,0.0,0.0,0.0
2025-08-28 00:00:00+02:00,266.95001220703125,267.1000061035156,265.04998779296875,265.70001220703125,9488,0.0,0.0,0.0
2025-08-29 00:00:00+02:00,265.20001220703125,265.45001220703125,263.8999938964844,263.95001220703125,7959,0.0,0.0,0.0
2025-09-01 00:00:00+02:00,264.8500061035156,265.1000061035156,264.04998779296875,264.6000061035156,13773,0.0,0.0,0.0
2025-09-02 00:00:00+02:00,264.20001220703125,264.20001220703125,260.5,260.5,22919,0.0,0.0,0.0
2025-09-03 00:00:00+02:00,261.95001220703125,262.6499938964844,260.79998779296875,262.29998779296875,6061,0.0,0.0,0.0
2025-09-04 00:00:00+02:00,262.3500061035156,264.1000061035156,262.1499938964844,263.8999938964844,9084,0.0,0.0,0.0
2025-09-05 00:00:00+02:00,264.6000061035156,265.20001220703125,262.95001220703125,263.54998779296875,8174,0.0,0.0,0.0
2025-09-08 00:00:00+02:00,264.54998779296875,265.1000061035156,263.8500061035156,264.95001220703125,6423,0.0,0.0,0.0
2025-09-09 00:00:00+02:00,265.25,265.75,264.5,265.04998779296875,3848,0.0,0.0,0.0
2025-09-10 00:00:00+02:00,266.1000061035156,266.5,264.70001220703125,264.95001220703125,13067,0.0,0.0,0.0
2025-09-11 00:00:00+02:00,265.5,266.6000061035156,265.0,266.3999938964844,14188,0.0,0.0,0.0
2025-09-12 00:00:00+02:00,266.6499938964844,266.8999938964844,265.45001220703125,266.1499938964844,9482,0.0,0.0,0.0
2025-09-15 00:00:00+02:00,266.95001220703125,268.0,266.70001220703125,267.3500061035156,6534,0.0,0.0,0.0
2025-09-16 00:00:00+02:00,267.1000061035156,267.20001220703125,264.1499938964844,264.25,7415,0.0,0.0,0.0
2025-09-17 00:00:00+02:00,264.6499938964844,265.0,264.0,264.25,7165,0.0,0.0,0.0
2025-09-18 00:00:00+02:00,265.45001220703125,266.6000061035156,265.25,266.25,8060,0.0,0.0,0.0
2025-09-19 00:00:00+02:00,266.20001220703125,267.20001220703125,265.8500061035156,265.8999938964844,13650,0.0,0.0,0.0
2025-09-22 00:00:00+02:00,265.95001220703125,265.95001220703125,264.8999938964844,265.54998779296875,9677,0.0,0.0,0.0
2025-09-23 00:00:00+02:00,266.0,267.29998779296875,265.79998779296875,266.3500061035156,9603,0.0,0.0,0.0
2025-09-24 00:00:00+02:00,265.79998779296875,266.5,264.75,265.8500061035156,7844,0.0,0.0,0.0
2025-09-25 00:00:00+02:00,264.8999938964844,265.3500061035156,263.6499938964844,264.20001220703125,10303,0.0,0.0,0.0
2025-09-26 00:00:00+02:00,264.8500061035156,266.3500061035156,264.6499938964844,266.29998779296875,7930,0.0,0.0,0.0
2025-09-29 00:00:00+02:00,266.8500061035156,267.5,266.20001220703125,266.70001220703125,7711,0.0,0.0,0.0
2025-09-30 00:00:00+02:00,266.45001220703125,268.0,265.6499938964844,267.95001220703125,9673,0.0,0.0,0.0
2025-10-01 00:00:00+02:00,268.1499938964844,271.45001220703125,267.70001220703125,271.1499938964844,18635,0.0,0.0,0.0
2025-10-02 00:00:00+02:00,273.1499938964844,273.6000061035156,272.3500061035156,272.6499938964844,21191,0.0,0.0,0.0
2025-10-03 00:00:00+02:00,273.54998779296875,273.95001220703125,273.1000061035156,273.95001220703125,14487,0.0,0.0,0.0
2025-10-06 00:00:00+02:00,273.79998779296875,274.5,272.75,273.95001220703125,19294,0.0,0.0,0.0
2025-10-07 00:00:00+02:00,273.79998779296875,274.54998779296875,273.25,273.54998779296875,13026,0.0,0.0,0.0
2025-10-08 00:00:00+02:00,273.95001220703125,275.8500061035156,273.75,275.54998779296875,12455,0.0,0.0,0.0
2025-10-09 00:00:00+02:00,275.29998779296875,275.6499938964844,274.29998779296875,274.29998779296875,16956,0.0,0.0,0.0
2025-10-10 00:00:00+02:00,274.54998779296875,274.75,270.79998779296875,270.8500061035156,10508,0.0,0.0,0.0
2025-10-13 00:00:00+02:00,271.6499938964844,272.75,271.04998779296875,272.20001220703125,15035,0.0,0.0,0.0
2025-10-14 00:00:00+02:00,270.04998779296875,271.25,269.20001220703125,271.20001220703125,8608,0.0,0.0,0.0
2025-10-15 00:00:00+02:00,273.20001220703125,273.3999938964844,272.3500061035156,272.6000061035156,12899,0.0,0.0,0.0
2025-10-16 00:00:00+02:00,273.20001220703125,274.6499938964844,272.6000061035156,274.6499938964844,12963,0.0,0.0,0.0
2025-10-17 00:00:00+02:00,270.79998779296875,273.45001220703125,269.45001220703125,272.04998779296875,16566,0.0,0.0,0.0
2025-10-20 00:00:00+02:00,273.6499938964844,275.04998779296875,273.29998779296875,274.79998779296875,12914,0.0,0.0,0.0
2025-10-21 00:00:00+02:00,275.1499938964844,275.8999938964844,274.5,275.3999938964844,16667,0.0,0.0,0.0
2025-10-22 00:00:00+02:00,274.75,275.95001220703125,274.6000061035156,274.95001220703125,19013,0.0,0.0,0.0
2025-10-23 00:00:00+02:00,275.6499938964844,276.20001220703125,275.20001220703125,275.6499938964844,13594,0.0,0.0,0.0
2025-10-27 00:00:00+01:00,277.0,277.20001220703125,276.3500061035156,277.20001220703125,19807,0.0,0.0,0.0
2025-10-28 00:00:00+01:00,276.70001220703125,276.8999938964844,276.20001220703125,276.6499938964844,36184,0.0,0.0,0.0
2025-10-29 00:00:00+01:00,276.54998779296875,277.3999938964844,276.1499938964844,276.29998779296875,6365,0.0,0.0,0.0
2025-10-30 00:00:00+01:00,276.20001220703125,276.29998779296875,274.75,276.25,13454,0.0,0.0,0.0
2025-10-31 00:00:00+01:00,275.8999938964844,276.1499938964844,274.3500061035156,274.75,16326,0.0,0.0,0.0
2025-11-03 00:00:00+01:00,274.95001220703125,276.25,274.8500061035156,275.0,13783,0.0,0.0,0.0
2025-11-04 00:00:00+01:00,272.04998779296875,274.25,270.3999938964844,274.20001220703125,11304,0.0,0.0,0.0
2025-11-05 00:00:00+01:00,272.3500061035156,275.3500061035156,272.3500061035156,274.75,6918,0.0,0.0,0.0
2025-11-06 00:00:00+01:00,274.3500061035156,274.79998779296875,272.75,272.8999938964844,13681,0.0,0.0,0.0
2025-11-07 00:00:00+01:00,273.70001220703125,273.70001220703125,270.6000061035156,271.45001220703125,9182,0.0,0.0,0.0
2025-11-10 00:00:00+01:00,274.54998779296875,275.75,274.1000061035156,275.25,8483,0.0,0.0,0.0
2025-11-11 00:00:00+01:00,276.6499938964844,279.20001220703125,276.6499938964844,278.79998779296875,10991,0.0,0.0,0.0
2025-11-12 00:00:00+01:00,279.95001220703125,281.45001220703125,279.8500061035156,280.8500061035156,6209,0.0,0.0,0.0
2025-11-13 00:00:00+01:00,281.3999938964844,281.8999938964844,279.1499938964844,279.29998779296875,4995,0.0,0.0,0.0
2025-11-14 00:00:00+01:00,277.04998779296875,277.25,273.8999938964844,276.3999938964844,29157,0.0,0.0,0.0
2025-11-17 00:00:00+01:00,276.8500061035156,276.8999938964844,274.6000061035156,274.8999938964844,11020,0.0,0.0,0.0
2025-11-18 00:00:00+01:00,271.70001220703125,272.20001220703125,269.3999938964844,270.1000061035156,13693,0.0,0.0,0.0
2025-11-19 00:00:00+01:00,270.3500061035156,271.95001220703125,269.45001220703125,270.0,11485,0.0,0.0,0.0
2025-11-20 00:00:00+01:00,272.95001220703125,273.25,271.20001220703125,271.20001220703125,16980,0.0,0.0,0.0
2025-11-21 00:00:00+01:00,268.1000061035156,270.54998779296875,267.95001220703125,270.20001220703125,19603,0.0,0.0,0.0
2025-11-24 00:00:00+01:00,271.6499938964844,272.29998779296875,269.95001220703125,270.8999938964844,10491,0.0,0.0,0.0
2025-11-25 00:00:00+01:00,271.3999938964844,273.3999938964844,270.25,273.3500061035156,27261,0.0,0.0,0.0
2025-11-26 00:00:00+01:00,274.3999938964844,276.3999938964844,273.54998779296875,276.3999938964844,12212,0.0,0.0,0.0
2025-11-27 00:00:00+01:00,276.04998779296875,276.79998779296875,275.6499938964844,276.6000061035156,8221,0.0,0.0,0.0
2025-11-28 00:00:00+01:00,277.0,277.70001220703125,276.3500061035156,277.45001220703125,8840,0.0,0.0,0.0
2025-12-01 00:00:00+01:00,276.25,277.1499938964844,275.79998779296875,276.8500061035156,8071,0.0,0.0,0.0
2025-12-02 00:00:00+01:00,276.6499938964844,278.1499938964844,276.5,277.1000061035156,13791,0.0,0.0,0.0
2025-12-03 00:00:00+01:00,277.79998779296875,278.3500061035156,276.75,277.6000061035156,11031,0.0,0.0,0.0
2025-12-04 00:00:00+01:00,278.25,279.1000061035156,277.6000061035156,278.6000061035156,10474,0.0,0.0,0.0
2025-12-05 00:00:00+01:00,279.1499938964844,279.8999938964844,278.54998779296875,278.54998779296875,8806,0.0,0.0,0.0
2025-12-08 00:00:00+01:00,278.45001220703125,278.8999938964844,278.1499938964844,278.54998779296875,12945,0.0,0.0,0.0
2025-12-09 00:00:00+01:00,279.25,279.3999938964844,278.04998779296875,278.29998779296875,14289,0.0,0.0,0.0
2025-12-10 00:00:00+01:00,277.75,278.45001220703125,277.25,278.3999938964844,15904,0.0,0.0,0.0
2025-12-11 00:00:00+01:00,277.8999938964844,280.45001220703125,277.5,280.0,4569,0.0,0.0,0.0
2025-12-12 00:00:00+01:00,280.70001220703125,281.6000061035156,278.29998779296875,278.29998779296875,17547,0.0,0.0,0.0
2025-12-15 00:00:00+01:00,279.54998779296875,280.8999938964844,279.25,280.54998779296875,7868,0.0,0.0,0.0
2025-12-16 00:00:00+01:00,280.04998779296875,281.1000061035156,278.75,279.29998779296875,8760,0.0,0.0,0.0
2025-12-17 00:00:00+01:00,279.95001220703125,280.6499938964844,279.1000061035156,279.1499938964844,15155,0.0,0.0,0.0
2025-12-18 00:00:00+01:00,279.04998779296875,282.0,279.04998779296875,281.8999938964844,9954,0.0,0.0,0.0
2025-12-19 00:00:00+01:00,281.79998779296875,283.3500061035156,281.5,283.0,8671,0.0,0.0,0.0
2025-12-22 00:00:00+01:00,282.75,283.1499938964844,281.75,282.6000061035156,26324,0.0,0.0,0.0
2025-12-23 00:00:00+01:00,283.1000061035156,283.95001220703125,282.8999938964844,283.6000061035156,9633,0.0,0.0,0.0
2025-12-29 00:00:00+01:00,283.70001220703125,284.3500061035156,283.20001220703125,283.8999938964844,21352,0.0,0.0,0.0
2025-12-30 00:00:00+01:00,283.95001220703125,286.20001220703125,283.95001220703125,285.79998779296875,8020,0.0,0.0,0.0
2026-01-02 00:00:00+01:00,285.70001220703125,288.0,285.6499938964844,287.29998779296875,33185,0.0,0.0,0.0
2026-01-05 00:00:00+01:00,288.3500061035156,290.1000061035156,287.8500061035156,290.0,20584,0.0,0.0,0.0
2026-01-06 00:00:00+01:00,290.8999938964844,292.29998779296875,290.0,291.79998779296875,20496,0.0,0.0,0.0
2026-01-07 00:00:00+01:00,291.8500061035156,292.04998779296875,290.8999938964844,291.3999938964844,9374,0.0,0.0,0.0
2026-01-08 00:00:00+01:00,291.0,291.3999938964844,290.04998779296875,290.8999938964844,14296,0.0,0.0,0.0
2026-01-09 00:00:00+01:00,291.79998779296875,293.79998779296875,291.79998779296875,293.75,10881,0.0,0.0,0.0
2026-01-12 00:00:00+01:00,293.3500061035156,294.6499938964844,292.75,294.45001220703125,14249,0.0,0.0,0.0
2026-01-13 00:00:00+01:00,294.6499938964844,294.8999938964844,293.54998779296875,294.1499938964844,12307,0.0,0.0,0.0
2026-01-14 00:00:00+01:00,294.8500061035156,295.25,294.25,294.5,11485,0.0,0.0,0.0
2026-01-16 00:00:00+01:00,296.1000061035156,296.45001220703125,295.20001220703125,296.20001220703125,14214,0.0,0.0,0.0
2026-01-19 00:00:00+01:00,292.3999938964844,294.0,291.8999938964844,292.6499938964844,17166,0.0,0.0,0.0
2026-01-20 00:00:00+01:00,290.5,290.70001220703125,288.3999938964844,290.54998779296875,15652,0.0,0.0,0.0
2026-01-21 00:00:00+01:00,290.0,291.1499938964844,288.04998779296875,290.45001220703125,16091,0.0,0.0,0.0
2026-01-22 00:00:00+01:00,293.8999938964844,294.6000061035156,292.8999938964844,293.6000061035156,19445,0.0,0.0,0.0
2026-01-23 00:00:00+01:00,292.8999938964844,293.70001220703125,292.3999938964844,293.25,10592,0.0,0.0,0.0
2026-01-26 00:00:00+01:00,293.45001220703125,294.54998779296875,292.6000061035156,293.79998779296875,9985,0.0,0.0,0.0
2026-01-27 00:00:00+01:00,294.75,295.8999938964844,294.1000061035156,295.3500061035156,11307,0.0,0.0,0.0
2026-01-28 00:00:00+01:00,295.70001220703125,295.70001220703125,293.04998779296875,293.04998779296875,11921,0.0,0.0,0.0
2026-01-29 00:00:00+01:00,294.1000061035156,295.70001220703125,292.3500061035156,292.6499938964844,13023,0.0,0.0,0.0
2026-01-30 00:00:00+01:00,293.04998779296875,295.20001220703125,292.95001220703125,294.6000061035156,8504,0.0,0.0,0.0
2026-02-02 00:00:00+01:00,292.70001220703125,297.8500061035156,292.6499938964844,297.75,23261,0.0,0.0,0.0
2026-02-03 00:00:00+01:00,299.5,300.20001220703125,296.5,297.79998779296875,14644,0.0,0.0,0.0
2026-02-04 00:00:00+01:00,297.20001220703125,299.95001220703125,297.04998779296875,297.75,15747,0.0,0.0,0.0
2026-02-05 00:00:00+01:00,297.45001220703125,298.1000061035156,293.70001220703125,295.0,51697,0.0,0.0,0.0
2026-02-06 00:00:00+01:00,294.29998779296875,297.54998779296875,293.3999938964844,297.5,10001,0.0,0.0,0.0
2026-02-09 00:00:00+01:00,298.5,299.54998779296875,297.3500061035156,299.54998779296875,9936,0.0,0.0,0.0
2026-02-10 00:00:00+01:00,299.29998779296875,300.0,299.1000061035156,299.1000061035156,22168,0.0,0.0,0.0
2026-02-11 00:00:00+01:00,299.70001220703125,300.5,298.1000061035156,299.6000061035156,13660,0.0,0.0,0.0
2026-02-12 00:00:00+01:00,301.75,301.75,297.54998779296875,297.95001220703125,12522,0.0,0.0,0.0
2026-02-13 00:00:00+01:00,297.79998779296875,298.45001220703125,296.45001220703125,297.8999938964844,13930,0.0,0.0,0.0
2026-02-16 00:00:00+01:00,298.6499938964844,299.3500061035156,298.1000061035156,298.20001220703125,7855,0.0,0.0,0.0
2026-02-17 00:00:00+01:00,298.29998779296875,299.8999938964844,297.6000061035156,299.75,28528,0.0,0.0,0.0
2026-02-18 00:00:00+01:00,301.0,303.6000061035156,301.0,303.1499938964844,8228,0.0,0.0,0.0
2026-02-19 00:00:00+01:00,303.0,303.20001220703125,301.0,301.8500061035156,12706,0.0,0.0,0.0
2026-02-20 00:00:00+01:00,302.54998779296875,305.25,302.20001220703125,304.29998779296875,14620,0.0,0.0,0.0
2026-02-23 00:00:00+01:00,303.70001220703125,304.6000061035156,302.3500061035156,302.95001220703125,18593,0.0,0.0,0.0
2026-02-24 00:00:00+01:00,302.25,304.6499938964844,302.0,303.54998779296875,9268,0.0,0.0,0.0
2026-02-25 00:00:00+01:00,305.0,305.75,304.45001220703125,305.75,13428,0.0,0.0,0.0
2026-02-26 00:00:00+01:00,305.70001220703125,306.3999938964844,304.6000061035156,305.6000061035156,11296,0.0,0.0,0.0
2026-02-27 00:00:00+01:00,305.8999938964844,307.04998779296875,304.95001220703125,305.79998779296875,21852,0.0,0.0,0.0
2026-03-02 00:00:00+01:00,300.20001220703125,302.25,299.79998779296875,300.79998779296875,29406,0.0,0.0,0.0
2026-03-03 00:00:00+01:00,296.75,296.75,289.79998779296875,291.79998779296875,44523,0.0,0.0,0.0
2026-03-04 00:00:00+01:00,292.79998779296875,296.54998779296875,291.79998779296875,295.54998779296875,28497,0.0,0.0,0.0
2026-03-05 00:00:00+01:00,295.0,297.6499938964844,291.5,291.8500061035156,20701,0.0,0.0,0.0
2026-03-09 00:00:00+01:00,282.45001220703125,287.5,281.6000061035156,287.20001220703125,51160,0.0,0.0,0.0
2026-03-10 00:00:00+01:00,292.6499938964844,294.04998779296875,291.1000061035156,292.75,22560,0.0,0.0,0.0
2026-03-11 00:00:00+01:00,290.5,292.04998779296875,289.25,291.0,35092,0.0,0.0,0.0
2026-03-12 00:00:00+01:00,290.25,291.25,287.6499938964844,289.6000061035156,18860,0.0,0.0,0.0
2026-03-13 00:00:00+01:00,287.29998779296875,291.5,286.3999938964844,288.0,16192,0.0,0.0,0.0
2026-03-16 00:00:00+01:00,288.6000061035156,290.54998779296875,286.75,289.25,15365,0.0,0.0,0.0
2026-03-17 00:00:00+01:00,289.0,292.5,288.8999938964844,291.20001220703125,13762,0.0,0.0,0.0
2026-03-18 00:00:00+01:00,292.5,293.25,288.25,289.1499938964844,20429,0.0,0.0,0.0
2026-03-19 00:00:00+01:00,285.45001220703125,286.04998779296875,281.0,282.0,33430,0.0,0.0,0.0
2026-03-20 00:00:00+01:00,284.5,285.04998779296875,277.0,277.0,23174,0.0,0.0,0.0
2026-03-23 00:00:00+01:00,272.6000061035156,286.04998779296875,270.3999938964844,279.3500061035156,34474,0.0,0.0,0.0
2026-03-24 00:00:00+01:00,280.20001220703125,280.8999938964844,276.95001220703125,280.20001220703125,44079,0.0,0.0,0.0
2026-03-25 00:00:00+01:00,283.79998779296875,285.29998779296875,282.5,284.04998779296875,24010,0.0,0.0,0.0
2026-03-26 00:00:00+01:00,282.6000061035156,283.0,280.5,281.1499938964844,9479,0.0,0.0,0.0
2026-03-27 00:00:00+01:00,281.25,281.25,277.3500061035156,278.6000061035156,11580,0.0,0.0,0.0
2026-03-30 00:00:00+02:00,278.20001220703125,281.70001220703125,278.1499938964844,281.70001220703125,11027,0.0,0.0,0.0
2026-03-31 00:00:00+02:00,281.75,284.3500061035156,281.0,282.6499938964844,9849,0.0,0.0,0.0
2026-04-01 00:00:00+02:00,289.3500061035156,290.0,287.6499938964844,289.75,29404,0.0,0.0,0.0
2026-04-02 00:00:00+02:00,286.04998779296875,290.3500061035156,284.8500061035156,289.3999938964844,19590,0.0,0.0,0.0
2026-04-07 00:00:00+02:00,289.75,291.6000061035156,285.45001220703125,286.29998779296875,33518,0.0,0.0,0.0
2026-04-08 00:00:00+02:00,298.6000061035156,299.29998779296875,296.0,297.75,38637,0.0,0.0,0.0
2026-04-09 00:00:00+02:00,297.45001220703125,297.5,295.45001220703125,297.45001220703125,14366,0.0,0.0,0.0
2026-04-10 00:00:00+02:00,297.79998779296875,300.0,297.75,298.45001220703125,14864,0.0,0.0,0.0
2026-04-13 00:00:00+02:00,296.1499938964844,298.04998779296875,295.6000061035156,297.95001220703125,16358,0.0,0.0,0.0
2026-04-14 00:00:00+02:00,299.3999938964844,301.3500061035156,299.3999938964844,300.8999938964844,13218,0.0,0.0,0.0
2026-04-15 00:00:00+02:00,300.8999938964844,301.6000061035156,299.6499938964844,299.6499938964844,13880,0.0,0.0,0.0
2026-04-16 00:00:00+02:00,300.45001220703125,301.29998779296875,299.25,299.29998779296875,17621,0.0,0.0,0.0
2026-04-17 00:00:00+02:00,299.25,304.5,299.25,304.25,12190,0.0,0.0,0.0
2026-04-20 00:00:00+02:00,301.70001220703125,302.29998779296875,300.79998779296875,301.8999938964844,27335,0.0,0.0,0.0
2026-04-21 00:00:00+02:00,302.1499938964844,303.20001220703125,299.25,299.54998779296875,6751,0.0,0.0,0.0
2026-04-22 00:00:00+02:00,300.6000061035156,300.70001220703125,298.29998779296875,298.54998779296875,13630,0.0,0.0,0.0
2026-04-23 00:00:00+02:00,297.8500061035156,299.20001220703125,296.8500061035156,298.54998779296875,12782,0.0,0.0,0.0
2026-04-24 00:00:00+02:00,297.79998779296875,298.75,295.95001220703125,297.25,9054,0.0,0.0,0.0
2026-04-27 00:00:00+02:00,297.6499938964844,298.95001220703125,296.1499938964844,296.3999938964844,7979,0.0,0.0,0.0
2026-04-28 00:00:00+02:00,295.6499938964844,297.1499938964844,294.5,295.3500061035156,26100,0.0,0.0,0.0
2026-04-29 00:00:00+02:00,296.1499938964844,296.1499938964844,293.0,293.6000061035156,10647,0.0,0.0,0.0
2026-04-30 00:00:00+02:00,292.04998779296875,298.0,292.0,297.8999938964844,31507,0.0,0.0,0.0
2026-05-04 00:00:00+02:00,298.45001220703125,298.6499938964844,294.1000061035156,294.3500061035156,26266,0.0,0.0,0.0
2026-05-05 00:00:00+02:00,294.95001220703125,297.54998779296875,294.8500061035156,297.54998779296875,19353,0.0,0.0,0.0
2026-05-06 00:00:00+02:00,300.75,305.6499938964844,300.75,304.3500061035156,35057,0.0,0.0,0.0
2026-05-07 00:00:00+02:00,304.3999938964844,305.1000061035156,300.79998779296875,300.79998779296875,21060,0.0,0.0,0.0
2026-05-08 00:00:00+02:00,298.75,300.29998779296875,298.20001220703125,299.1499938964844,12629,0.0,0.0,0.0
2026-05-11 00:00:00+02:00,299.25,299.75,298.29998779296875,299.54998779296875,7383,0.0,0.0,0.0
2026-05-12 00:00:00+02:00,296.1000061035156,298.0,295.79998779296875,296.6000061035156,18890,0.0,0.0,0.0
2026-05-13 00:00:00+02:00,299.0,299.20001220703125,296.3999938964844,299.1000061035156,9030,0.0,0.0,0.0
